adminer,http://wpn-xm.org/get.php?s=adminer,adminer.php
composer,http://wpn-xm.org/get.php?s=composer,composer.phar
junction,http://wpn-xm.org/get.php?s=junction,junction.zip
mariadb,http://wpn-xm.org/get.php?s=mariadb,mariadb.zip
memadmin,http://wpn-xm.org/get.php?s=memadmin,memadmin.zip
memcached,http://wpn-xm.org/get.php?s=memcached,memcached.zip
nginx,http://wpn-xm.org/get.php?s=nginx,nginx.zip
pear,http://wpn-xm.org/get.php?s=pear,go-pear.phar
php,http://wpn-xm.org/get.php?s=php,php.zip
phpext_apc,http://wpn-xm.org/get.php?s=phpext_apc,phpext_apc.zip
phpext_memcached,http://wpn-xm.org/get.php?s=phpext_memcache,phpext_memcached.zip
phpext_xdebug,http://wpn-xm.org/get.php?s=phpext_xdebug,phpext_xdebug.dll
phpext_xhprof,http://wpn-xm.org/get.php?s=phpext_xhprof,phpext_xhprof.zip
phpmyadmin,http://wpn-xm.org/get.php?s=phpmyadmin,phpmyadmin.zip
sendmail,http://wpn-xm.org/get.php?s=sendmail,sendmail.zip
webgrind,http://wpn-xm.org/get.php?s=webgrind,webgrind.zip
wpnxmscp,http://wpn-xm.org/get.php?s=wpnxmscp,wpnxmscp.zip
xhprof,http://wpn-xm.org/get.php?s=xhprof,xhprof.zip
